Name,Traitor_From_Episode,Eliminated_Episode,Ep1,Ep2,Ep3,Ep4,Ep5,Ep6,Ep7,Ep8,Ep9
Amol Rajan,,,,,,,,,,,
Bella Ramsey,,3,,,,,,,,,
James Acaster,1,,N,,,,,,,,
James Blunt,,2,,,,,,,,,
Jerry Hall,,,,,,,,,,,
Joanne McNally,,4,,,,,,,,,
Joe Lycett,,6,,,,,,,,,
Julie Hesmondhalgh,,3,,,,,,,,,
King Kenny,,2,,,,,,,,,
Leigh-Anne Pinnock,,,,,,,,,,,
Maya Jama,5,,,,,,,N,,,
Michael Sheen,,1,,,,,,,,,
Miranda Hart,,,,,,,,,,,
Myha'la,,9,,,,,,,,,
Professor Hannah Fry,1,8,,,,,,,,,
Richard E. Grant,5,,,,,,,,N,,
Rob Beckett,,,,,,,,,,,
Romesh Ranganathan,,5,,,,,,,,,
Ross Kemp,,,,,,,,,,,
Sebastian Croft,1,,,,,,,,,,
Sharon Rooney,,7,,,,,,,,,
